{
  "id": "2025-08-09",
  "master": {
    "answer": "Pyramids of Giza",
    "aliases": ["Great Pyramid", "Giza Pyramids"],
    "funFact": "The Great Pyramid was the tallest human-made structure for ~3,800 years.",
    "learnMoreUrl": "https://en.wikipedia.org/wiki/Giza_pyramid_complex"
  },
  "subClues": [
    { "id": "A", "answer": "Egypt", "aliases": [], "hints": ["africa","desert","nile","pharaoh","sphinx"] },
    { "id": "B", "answer": "Limestone", "aliases": [], "hints": ["rock","blocks","quarry","calcium","sedimentary"] },
    { "id": "C", "answer": "Pharaoh", "aliases": [], "hints": ["ruler","tomb","dynasty","sarcophagus","hieroglyphs"] }
  ]
}
